model,id,bleu,precisions,brevity_penalty,length_ratio,translation_length,reference_length
gpt_one_example,17,0.2568064764897229,"[0.4495114006514658, 0.2908496732026144, 0.25245901639344265, 0.23684210526315788]",0.8636568058328686,0.8721590909090909,307,352
gpt_one_example,16,0.030023176940430305,"[0.25252525252525254, 0.1065989847715736, 0.030612244897959183, 0.015384615384615385]",0.5031491223733818,0.592814371257485,198,334
gpt_one_example,14,0.2710055646316336,"[0.4820846905537459, 0.3202614379084967, 0.2721311475409836, 0.23684210526315788]",0.8580486645261058,0.867231638418079,307,354
gpt_one_example,15,0.2905277900062962,"[0.42996742671009774, 0.30718954248366015, 0.25573770491803277, 0.24342105263157895]",0.9648036991628913,0.9654088050314465,307,318
gpt_one_example,11,0.2881527394644356,"[0.4006514657980456, 0.2875816993464052, 0.24918032786885247, 0.24013157894736842]",1.0,1.0848056537102473,307,283
gpt_one_example,10,0.2681712570048089,"[0.48859934853420195, 0.3104575163398693, 0.26885245901639343, 0.24013157894736842]",0.8524769395929584,0.8623595505617978,307,356
gpt_one_example,12,0.24451545763668034,"[0.49185667752442996, 0.3104575163398693, 0.25901639344262295, 0.24013157894736842]",0.7832528783571909,0.8036649214659686,307,382
gpt_one_example,13,0.22902597893812912,"[0.5309446254071661, 0.3104575163398693, 0.26229508196721313, 0.24671052631578946]",0.7126518868840384,0.7469586374695864,307,411
gpt_one_example,8,0.1239522544068852,"[0.7045454545454546, 0.5028571428571429, 0.42528735632183906, 0.41040462427745666]",0.2485663531136963,0.4180522565320665,176,421
gpt_one_example,9,0.2442127479982845,"[0.5410628019323671, 0.3786407766990291, 0.35121951219512193, 0.3480392156862745]",0.6139003224416526,0.672077922077922,207,308
gpt_one_example,4,0.22098640115968082,"[0.4827586206896552, 0.3333333333333333, 0.3130434782608696, 0.31004366812227074]",0.6251100365845775,0.6803519061583577,232,341
gpt_one_example,5,0.0,"[0.26973684210526316, 0.039735099337748346, 0.0, 0.0]",0.15744419349415859,0.3510392609699769,152,433
gpt_one_example,7,0.2557904045290857,"[0.35570469798657717, 0.2760942760942761, 0.24662162162162163, 0.24067796610169492]",0.9257220901086983,0.9283489096573209,298,321
gpt_one_example,6,0.0,"[0.22259136212624583, 0.05333333333333334, 0.0, 0.0]",0.8302349785034866,0.8431372549019608,301,357
gpt_one_example,3,0.21462882433516864,"[0.6069868995633187, 0.4166666666666667, 0.3568281938325991, 0.3230088495575221]",0.5194307211811123,0.604221635883905,229,379
gpt_one_example,1,0.2874435692028288,"[0.5146579804560261, 0.3366013071895425, 0.25245901639344265, 0.23684210526315788]",0.9010139599196839,0.9056047197640118,307,339
gpt_one_example,18,0.25015404220303056,"[0.50814332247557, 0.31699346405228757, 0.25245901639344265, 0.23355263157894737]",0.8013172272237893,0.8186666666666667,307,375
gpt_one_example,19,0.27351935599446237,"[0.4592833876221498, 0.2973856209150327, 0.25245901639344265, 0.23684210526315788]",0.9098618167593174,0.9136904761904762,307,336
claude_simple,17,0.0,"[0.2619047619047619, 0.043824701195219126, 0.004, 0.0]",0.6724514275370008,0.7159090909090909,252,352
claude_simple,16,0.0,"[0.34285714285714286, 0.08045977011494253, 0.017341040462427744, 0.0]",0.4030996695740623,0.5239520958083832,175,334
claude_simple,14,0.03904127667116965,"[0.3711340206185567, 0.12435233160621761, 0.052083333333333336, 0.02617801047120419]",0.4383479541842529,0.5480225988700564,194,354
claude_simple,15,0.0,"[0.24663677130044842, 0.02252252252252252, 0.004524886877828055, 0.0]",0.6531104846012732,0.7012578616352201,223,318
claude_simple,11,0.0,"[0.1878453038674033, 0.027777777777777776, 0.00558659217877095, 0.0]",0.5691928857071398,0.6395759717314488,181,283
claude_simple,10,0.0,"[0.2422360248447205, 0.05, 0.012578616352201259, 0.0]",0.29784557716401927,0.45224719101123595,161,356
claude_simple,12,0.0,"[0.3230240549828179, 0.02413793103448276, 0.0, 0.0]",0.7314585118788581,0.7617801047120419,291,382
claude_simple,13,0.0,"[0.20945945945945946, 0.013605442176870748, 0.0, 0.0]",0.16914024992162346,0.36009732360097324,148,411
claude_simple,8,0.0,"[0.30386740331491713, 0.044444444444444446, 0.00558659217877095, 0.0]",0.26554609147399594,0.42992874109263657,181,421
claude_simple,9,0.0,"[0.15384615384615385, 0.007042253521126761, 0.0, 0.0]",0.3154212746389477,0.4642857142857143,143,308
claude_simple,4,0.01065153037390987,"[0.08156028368794327, 0.014234875444839857, 0.007142857142857143, 0.0035842293906810036]",0.8112168633921084,0.8269794721407625,282,341
claude_simple,5,0.0,"[0.2512315270935961, 0.034653465346534656, 0.0, 0.0]",0.3220640223238948,0.46882217090069284,203,433
claude_simple,7,0.0,"[0.16194331983805668, 0.012195121951219513, 0.0, 0.0]",0.7411182078088937,0.7694704049844237,247,321
claude_simple,6,0.045750735343824435,"[0.3346153846153846, 0.09652509652509653, 0.03875968992248062, 0.01556420233463035]",0.6886122606326943,0.7282913165266106,260,357
claude_simple,2,0.0,"[0.27906976744186046, 0.03333333333333333, 0.0, 0.0]",0.7564871232025194,0.7818181818181819,301,385
claude_simple,3,0.0,"[0.3641304347826087, 0.09289617486338798, 0.016483516483516484, 0.0]",0.3465311349977313,0.48548812664907653,184,379
claude_simple,1,0.0,"[0.3275862068965517, 0.030303030303030304, 0.0, 0.0]",0.630522211030751,0.6843657817109144,232,339
claude_simple,18,0.0,"[0.3978494623655914, 0.10270270270270271, 0.010869565217391304, 0.0]",0.36199349669160164,0.496,186,375
claude_simple,19,0.0,"[0.32653061224489793, 0.07179487179487179, 0.010309278350515464, 0.0]",0.48954165955695317,0.5833333333333334,196,336
TrOCR,17,0.0,"[0.0, 0.0, 0.0, 0.0]",3.9399095262076047e-22,0.019886363636363636,7,352
TrOCR,16,0.0,"[0.0, 0.0, 0.0, 0.0]",2.335593038799337e-09,0.04790419161676647,16,334
TrOCR,14,0.0,"[0.0, 0.0, 0.0, 0.0]",4.855625272365953e-31,0.014124293785310734,5,354
TrOCR,15,0.0,"[0.0, 0.0, 0.0, 0.0]",2.6102790696677047e-23,0.018867924528301886,6,318
TrOCR,11,0.0,"[0.0, 0.0, 0.0, 0.0]",7.132254080957731e-25,0.0176678445229682,5,283
TrOCR,10,0.0,"[0.0, 0.0, 0.0, 0.0]",9.406128904299175e-16,0.028089887640449437,10,356
TrOCR,12,0.0,"[0.0, 0.0, 0.0, 0.0]",3.421929432264753e-08,0.0549738219895288,21,382
TrOCR,13,0.0,"[0.07142857142857142, 0.0, 0.0, 0.0]",4.837815867249721e-13,0.0340632603406326,14,411
TrOCR,8,0.0,"[0.0, 0.0, 0.0, 0.0]",3.078237950560657e-61,0.007125890736342043,3,421
TrOCR,9,0.0,"[0.0, 0.0, 0.0, 0.0]",1.8795288165390832e-12,0.03571428571428571,11,308
TrOCR,4,0.0,"[0.0, 0.0, 0.0, 0.0]",6.537486666326857e-30,0.01466275659824047,5,341
TrOCR,5,0.0,"[0.0, 0.0, 0.0, 0.0]",3.443117275306375e-10,0.04387990762124711,19,433
TrOCR,7,0.0,"[0.06666666666666667, 0.0, 0.0, 0.0]",1.381632591079536e-09,0.04672897196261682,15,321
TrOCR,6,0.0,"[0.0, 0.0, 0.0, 0.0]",3.924395857947463e-26,0.01680672268907563,6,357
TrOCR,2,0.0,"[0.0, 0.0, 0.0, 0.0]",2.966394999334992e-08,0.05454545454545454,21,385
TrOCR,3,0.0,"[0.0, 0.0, 0.0, 0.0]",7.237580408896853e-21,0.021108179419525065,8,379
TrOCR,1,0.0,"[0.0, 0.0, 0.0, 0.0]",7.882359790600851e-25,0.017699115044247787,6,339
TrOCR,18,0.0,"[0.0, 0.0, 0.0, 0.0]",1.4068617124461467e-16,0.02666666666666667,10,375
TrOCR,19,0.0,"[0.0, 0.0, 0.0, 0.0]",1.6197667813978393e-11,0.03869047619047619,13,336
Pytesseract,17,0.0471170172945507,"[0.2724358974358974, 0.06430868167202572, 0.02903225806451613, 0.016181229773462782]",0.879672914909989,0.8863636363636364,312,352
Pytesseract,16,0.04906345569556557,"[0.22118380062305296, 0.0625, 0.03134796238244514, 0.015723270440251572]",0.9603106603212453,0.9610778443113772,321,334
Pytesseract,14,0.018204349569258673,"[0.20967741935483872, 0.02912621359223301, 0.00974025974025974, 0.003257328990228013]",0.8676772338565509,0.8757062146892656,310,354
Pytesseract,15,0.0,"[0.16666666666666666, 0.04559270516717325, 0.012195121951219513, 0.0]",1.0,1.0377358490566038,330,318
Pytesseract,11,0.0,"[0.20207253886010362, 0.03125, 0.010471204188481676, 0.0]",0.6273057337716005,0.6819787985865724,193,283
Pytesseract,10,0.0,"[0.19325153374233128, 0.033846153846153845, 0.009259259259259259, 0.0]",0.9120827668712705,0.9157303370786517,326,356
Pytesseract,12,0.02176496904330351,"[0.2222222222222222, 0.03713527851458886, 0.010638297872340425, 0.0026666666666666666]",0.9894737819195992,0.9895287958115183,378,382
Pytesseract,13,0.0,"[0.20606060606060606, 0.03343465045592705, 0.006097560975609756, 0.0]",0.7823488442974154,0.8029197080291971,330,411
Pytesseract,8,0.027782194244364306,"[0.20708446866485014, 0.04918032786885246, 0.019178082191780823, 0.005494505494505495]",0.8631740184685696,0.8717339667458432,367,421
Pytesseract,9,0.030793029968808627,"[0.17845117845117844, 0.033783783783783786, 0.01694915254237288, 0.01020408163265306]",0.9636404443012863,0.9642857142857143,297,308
Pytesseract,4,0.0,"[0.17365269461077845, 0.024024024024024024, 0.0030120481927710845, 0.0]",0.9792600105359978,0.9794721407624634,334,341
Pytesseract,5,0.0,"[0.16631130063965885, 0.03418803418803419, 0.010706638115631691, 0.0]",1.0,1.0831408775981524,469,433
Pytesseract,7,0.0,"[0.175, 0.03347280334728033, 0.012605042016806723, 0.0]",0.7135519747065023,0.7476635514018691,240,321
Pytesseract,6,0.036360468599758916,"[0.1884422110552764, 0.060453400503778336, 0.020202020202020204, 0.007594936708860759]",1.0,1.1148459383753502,398,357
Pytesseract,2,0.0,"[0.19666666666666666, 0.030100334448160536, 0.003355704697986577, 0.0]",0.7532686564546569,0.7792207792207793,300,385
Pytesseract,3,0.0,"[0.12698412698412698, 0.020454545454545454, 0.004555808656036446, 0.0]",1.0,1.1635883905013193,441,379
Pytesseract,1,0.0,"[0.1368421052631579, 0.014767932489451477, 0.004228329809725159, 0.0]",1.0,1.40117994100295,475,339
Pytesseract,18,0.0,"[0.16486486486486487, 0.024390243902439025, 0.002717391304347826, 0.0]",0.9865773841008381,0.9866666666666667,370,375
Pytesseract,19,0.02451833015802069,"[0.17365269461077845, 0.03903903903903904, 0.018072289156626505, 0.0030211480362537764]",0.9940298685319746,0.9940476190476191,334,336
claude_refine_complex,17,0.0,"[0.2356020942408377, 0.06315789473684211, 0.0, 0.0]",0.43044662903243835,0.5426136363636364,191,352
claude_refine_complex,16,0.23424840251286008,"[0.5084033613445378, 0.3628691983122363, 0.3008474576271186, 0.2723404255319149]",0.6680706520223728,0.7125748502994012,238,334
claude_refine_complex,14,0.2631320290682568,"[0.6504065040650406, 0.44081632653061226, 0.3360655737704918, 0.2880658436213992]",0.6446650559001005,0.6949152542372882,246,354
claude_refine_complex,15,0.28465840546949245,"[0.6178861788617886, 0.4122448979591837, 0.3155737704918033, 0.26337448559670784]",0.7462587218075878,0.7735849056603774,246,318
claude_refine_complex,11,0.0,"[0.20833333333333334, 0.0718562874251497, 0.012048192771084338, 0.0]",0.5043303297034499,0.5936395759717314,168,283
claude_refine_complex,10,0.0,"[0.2374429223744292, 0.06422018348623854, 0.0, 0.0]",0.5349560011786243,0.6151685393258427,219,356
claude_refine_complex,12,0.0,"[0.323943661971831, 0.08018867924528301, 0.018957345971563982, 0.0]",0.4522920271300356,0.5575916230366492,213,382
claude_refine_complex,13,0.13792152367256352,"[0.5037037037037037, 0.26765799256505574, 0.17537313432835822, 0.12359550561797752]",0.5932008580621294,0.656934306569343,270,411
claude_refine_complex,8,0.18943669219245576,"[0.5072992700729927, 0.3333333333333333, 0.2757352941176471, 0.23616236162361623]",0.584793579037453,0.6508313539192399,274,421
claude_refine_complex,9,0.0,"[0.2441860465116279, 0.06432748538011696, 0.0058823529411764705, 0.0]",0.4535282698073728,0.5584415584415584,172,308
claude_refine_complex,4,0.0,"[0.14766355140186915, 0.035580524344569285, 0.00375234521575985, 0.0]",1.0,1.5689149560117301,535,341
claude_refine_complex,5,0.0,"[0.23148148148148148, 0.018604651162790697, 0.0, 0.0]",0.3661802320000216,0.49884526558891457,216,433
claude_refine_complex,7,0.1379152377627255,"[0.21939586645468998, 0.13853503184713375, 0.11642743221690591, 0.10223642172523961]",1.0,1.9595015576323989,629,321
claude_refine_complex,6,0.0,"[0.2697095435684647, 0.07083333333333333, 0.02092050209205021, 0.0]",0.6179623159382305,0.6750700280112045,241,357
claude_refine_complex,2,0.23615115604648151,"[0.4876543209876543, 0.29102167182662536, 0.22981366459627328, 0.20249221183800623]",0.8283896819466444,0.8415584415584415,324,385
claude_refine_complex,3,0.0,"[0.21700879765395895, 0.052941176470588235, 0.0029498525073746312, 0.0]",0.8945477907323048,0.899736147757256,341,379
claude_refine_complex,1,0.16848871076945285,"[0.2902621722846442, 0.1726078799249531, 0.13345864661654136, 0.12052730696798493]",1.0,1.575221238938053,534,339
claude_refine_complex,18,0.25992393785051987,"[0.6127819548872181, 0.43018867924528303, 0.32575757575757575, 0.2737642585551331]",0.6637999625656886,0.7093333333333334,266,375
claude_refine_complex,19,0.13139046794635598,"[0.6079545454545454, 0.37714285714285717, 0.25862068965517243, 0.1907514450867052]",0.40289032152913307,0.5238095238095238,176,336
gpt_complex,17,0.22363138600960522,"[0.31151832460732987, 0.2335958005249344, 0.19736842105263158, 0.1741424802110818]",1.0,1.0852272727272727,382,352
gpt_complex,16,0.2429465216695018,"[0.3807615230460922, 0.2710843373493976, 0.20925553319919518, 0.16129032258064516]",1.0,1.4940119760479043,499,334
gpt_complex,14,0.23908124671913905,"[0.42819148936170215, 0.264, 0.1925133689839572, 0.15013404825737264]",1.0,1.0621468926553672,376,354
gpt_complex,15,0.1156335486855111,"[0.1924198250728863, 0.1264591439688716, 0.09542356377799416, 0.0769980506822612]",1.0,3.2358490566037736,1029,318
gpt_complex,11,0.2932405253517604,"[0.5866666666666667, 0.40625, 0.3273542600896861, 0.26576576576576577]",0.7727669390141237,0.7950530035335689,225,283
gpt_complex,10,0.217328879004596,"[0.3504043126684636, 0.22702702702702704, 0.1842818428184282, 0.15217391304347827]",1.0,1.0421348314606742,371,356
gpt_complex,12,0.2799694657701021,"[0.45605700712589076, 0.3047619047619048, 0.23389021479713604, 0.18899521531100477]",1.0,1.1020942408376964,421,382
gpt_complex,13,0.22552901556226593,"[0.496551724137931, 0.3633217993079585, 0.2951388888888889, 0.2578397212543554]",0.6588618651260051,0.7055961070559611,290,411
gpt_complex,8,0.3632976329545719,"[0.5850746268656717, 0.47305389221556887, 0.43543543543543545, 0.4036144578313253]",0.7735875582391142,0.7957244655581948,335,421
gpt_complex,9,0.37836129064324237,"[0.7025862068965517, 0.5670995670995671, 0.46956521739130436, 0.40611353711790393]",0.7206611626353246,0.7532467532467533,232,308
gpt_complex,4,0.2446117965228876,"[0.4717607973421927, 0.30666666666666664, 0.22408026755852842, 0.18791946308724833]",0.8755610785931155,0.8826979472140762,301,341
gpt_complex,5,0.0,"[0.11842105263157894, 0.013245033112582781, 0.0, 0.0]",0.15744419349415859,0.3510392609699769,152,433
gpt_complex,7,0.29886168001395597,"[0.3970223325062035, 0.3208955223880597, 0.26932668329177056, 0.2325]",1.0,1.2554517133956387,403,321
gpt_complex,6,0.2775321638500826,"[0.6153846153846154, 0.48497854077253216, 0.4224137931034483, 0.3852813852813853]",0.5911762837233567,0.6554621848739496,234,357
gpt_complex,2,0.176202392647546,"[0.2754946727549467, 0.19359756097560976, 0.14961832061068703, 0.12079510703363915]",1.0,1.7064935064935065,657,385
gpt_complex,3,0.3345349351083874,"[0.5242966751918159, 0.358974358974359, 0.2776349614395887, 0.23969072164948454]",1.0,1.0316622691292876,391,379
gpt_complex,1,0.24410555133287307,"[0.4625, 0.3032581453634085, 0.20100502512562815, 0.12594458438287154]",1.0,1.1799410029498525,400,339
gpt_complex,18,0.2166769856286686,"[0.3460620525059666, 0.24641148325358853, 0.18225419664268586, 0.14182692307692307]",1.0,1.1173333333333333,419,375
gpt_complex,19,0.4400662543686056,"[0.5966666666666667, 0.5050167224080268, 0.46308724832214765, 0.43434343434343436]",0.8869204367171576,0.8928571428571429,300,336
claude_two_example,17,0.0245453310675798,"[0.31, 0.09547738693467336, 0.025252525252525252, 0.01015228426395939]",0.46766642700990935,0.5681818181818182,200,352
claude_two_example,16,0.05891467481840368,"[0.40425531914893614, 0.1925133689839572, 0.0913978494623656, 0.03783783783783784]",0.45996920164741295,0.562874251497006,188,334
claude_two_example,14,0.042198630867236436,"[0.5512820512820513, 0.23870967741935484, 0.08441558441558442, 0.0457516339869281]",0.2810477292104116,0.4406779661016949,156,354
claude_two_example,15,0.09213793675958595,"[0.5371428571428571, 0.2988505747126437, 0.15606936416184972, 0.0755813953488372]",0.44169183005525314,0.550314465408805,175,318
claude_two_example,11,0.069712637005038,"[0.31155778894472363, 0.1414141414141414, 0.07106598984771574, 0.04081632653061224]",0.6556615501900712,0.7031802120141343,199,283
claude_two_example,10,0.015379368177872001,"[0.4336283185840708, 0.21428571428571427, 0.09009009009009009, 0.03636363636363636]",0.11643262751210637,0.31741573033707865,113,356
claude_two_example,12,0.02238140041660847,"[0.46706586826347307, 0.1566265060240964, 0.048484848484848485, 0.012195121951219513]",0.27598047743425763,0.43717277486910994,167,382
claude_two_example,13,0.0,"[0.3894736842105263, 0.07936507936507936, 0.010638297872340425, 0.0]",0.3124977859668553,0.46228710462287104,190,411
claude_two_example,8,0.011664782784921678,"[0.46938775510204084, 0.1780821917808219, 0.05517241379310345, 0.006944444444444444]",0.15505962195798337,0.3491686460807601,147,421
claude_two_example,9,0.021684358739427294,"[0.37209302325581395, 0.13450292397660818, 0.01764705882352941, 0.005917159763313609]",0.4535282698073728,0.5584415584415584,172,308
claude_two_example,4,0.03395848087069307,"[0.3247232472324723, 0.1037037037037037, 0.02973977695167286, 0.0037313432835820895]",0.7723614932683409,0.7947214076246334,271,341
claude_two_example,5,0.015065438702352977,"[0.33, 0.08040201005025126, 0.020202020202020204, 0.01015228426395939]",0.31192266203264674,0.4618937644341801,200,433
claude_two_example,7,0.03182698174881019,"[0.20481927710843373, 0.06451612903225806, 0.020242914979757085, 0.012195121951219513]",0.7488948994248202,0.7757009345794392,249,321
claude_two_example,6,0.03604116234819664,"[0.4716981132075472, 0.17721518987341772, 0.07643312101910828, 0.038461538461538464]",0.28785942695182143,0.44537815126050423,159,357
claude_two_example,1,0.029038265747371343,"[0.3605150214592275, 0.12931034482758622, 0.021645021645021644, 0.004347826086956522]",0.6344888135527689,0.6873156342182891,233,339
claude_two_example,18,0.038677963126080774,"[0.4942528735632184, 0.20809248554913296, 0.0755813953488372, 0.029239766081871343]",0.31500322132094244,0.464,174,375
claude_two_example,19,0.0767613775482887,"[0.5870967741935483, 0.33766233766233766, 0.1895424836601307, 0.09868421052631579]",0.311068561696514,0.46130952380952384,155,336
TrOCR20,17,0.0,"[0.2222222222222222, 0.0, 0.0, 0.0]",0.6385472077916834,0.6903409090909091,243,352
TrOCR20,15,0.0,"[0.19672131147540983, 0.0, 0.0, 0.0]",0.7383932859578836,0.7672955974842768,244,318
TrOCR20,11,0.0,"[0.18565400843881857, 0.0, 0.0, 0.0]",0.8235814501213815,0.8374558303886925,237,283
TrOCR20,10,0.0,"[0.21224489795918366, 0.00819672131147541, 0.0, 0.0]",0.6356792132994796,0.6882022471910112,245,356
TrOCR20,12,0.0,"[0.23868312757201646, 0.0, 0.0, 0.0]",0.5643862277346191,0.6361256544502618,243,382
TrOCR20,13,0.0,"[0.2074688796680498, 0.004166666666666667, 0.0, 0.0]",0.4939138395505478,0.5863746958637469,241,411
TrOCR20,9,0.0,"[0.21008403361344538, 0.0, 0.0, 0.0]",0.7451888170134805,0.7727272727272727,238,308
TrOCR20,4,0.0,"[0.21074380165289255, 0.008298755186721992, 0.0, 0.0]",0.6642538428642955,0.7096774193548387,242,341
TrOCR20,5,0.0,"[0.23265306122448978, 0.0, 0.0, 0.0]",0.4642431012840998,0.5658198614318707,245,433
TrOCR20,7,0.0,"[0.20168067226890757, 0.008438818565400843, 0.0, 0.0]",0.705576912081154,0.7414330218068536,238,321
TrOCR20,6,0.0,"[0.20512820512820512, 0.0, 0.0, 0.0]",0.5911762837233567,0.6554621848739496,234,357
TrOCR20,2,0.0,"[0.22406639004149378, 0.0, 0.0, 0.0]",0.55017967436308,0.625974025974026,241,385
TrOCR20,3,0.0,"[0.2222222222222222, 0.0, 0.0, 0.0]",0.5713971471740336,0.6411609498680739,243,379
TrOCR20,20,0.0,"[0.21610169491525424, 0.0, 0.0, 0.0]",0.7155199750882041,0.7492063492063492,236,315
TrOCR20,18,0.0,"[0.2459016393442623, 0.0, 0.0, 0.0]",0.5845661996409706,0.6506666666666666,244,375
TrOCR20,19,0.0,"[0.23333333333333334, 0.0041841004184100415, 0.0, 0.0]",0.6703200460356393,0.7142857142857143,240,336
gpt_two_example,17,0.2005673612136598,"[0.5, 0.3581395348837209, 0.3364485981308411, 0.3333333333333333]",0.5327890937629327,0.6136363636363636,216,352
gpt_two_example,16,0.19223821798961963,"[0.5053191489361702, 0.40641711229946526, 0.3870967741935484, 0.3837837837837838]",0.45996920164741295,0.562874251497006,188,334
gpt_two_example,14,0.26256395145943356,"[0.4983388704318937, 0.31, 0.25752508361204013, 0.24161073825503357]",0.8385511194526128,0.8502824858757062,301,354
gpt_two_example,15,0.3053255092419554,"[0.48322147651006714, 0.32996632996632996, 0.28040540540540543, 0.2542372881355932]",0.9350885072998225,0.9371069182389937,298,318
gpt_two_example,11,0.3066406793329635,"[0.42857142857142855, 0.30666666666666664, 0.2709030100334448, 0.2483221476510067]",1.0,1.0636042402826855,301,283
gpt_two_example,10,0.27792231505387527,"[0.5182724252491694, 0.3333333333333333, 0.27759197324414714, 0.25838926174496646]",0.8329978211444085,0.8455056179775281,301,356
gpt_two_example,12,0.2441267219845076,"[0.49508196721311476, 0.3125, 0.2607260726072607, 0.24172185430463577]",0.7768880518611265,0.7984293193717278,305,382
gpt_two_example,13,0.15950992320697704,"[0.497737556561086, 0.36818181818181817, 0.3378995433789954, 0.3256880733944954]",0.4232769835477035,0.537712895377129,221,411
gpt_two_example,8,0.10138543201072098,"[0.7261146496815286, 0.5512820512820513, 0.4774193548387097, 0.461038961038961]",0.18608929079535633,0.37292161520190026,157,421
gpt_two_example,9,0.20196994186385256,"[0.2994350282485876, 0.21320754716981133, 0.1720226843100189, 0.15151515151515152]",1.0,1.724025974025974,531,308
gpt_two_example,4,0.3036900993601804,"[0.5491525423728814, 0.36394557823129253, 0.2935153583617747, 0.2705479452054795]",0.8556171963502072,0.8651026392961877,295,341
gpt_two_example,5,0.18181163478796553,"[0.6326530612244898, 0.38934426229508196, 0.32098765432098764, 0.2975206611570248]",0.4642431012840998,0.5658198614318707,245,433
gpt_two_example,7,0.175018086693485,"[0.26095238095238094, 0.17938931297709923, 0.14531548757170173, 0.13793103448275862]",1.0,1.6355140186915889,525,321
gpt_two_example,6,0.1214017556677365,"[0.6153846153846154, 0.5422535211267606, 0.5106382978723404, 0.5071428571428571]",0.22391170106761296,0.4005602240896359,143,357
gpt_two_example,1,0.28557300632619764,"[0.5134228187919463, 0.3400673400673401, 0.2668918918918919, 0.24745762711864408]",0.8714612377661703,0.8790560471976401,298,339
gpt_two_example,18,0.2491495473425019,"[0.527027027027027, 0.3220338983050847, 0.2687074829931973, 0.24573378839590443]",0.7657558514070703,0.7893333333333333,296,375
gpt_two_example,19,0.17919852002033543,"[0.5941176470588235, 0.47337278106508873, 0.42857142857142855, 0.4251497005988024]",0.3766380665894084,0.5059523809523809,170,336
KerasOCR,17,0.0,"[0.027559055118110236, 0.0, 0.0, 0.0]",0.679888291404341,0.7215909090909091,254,352
KerasOCR,16,0.0,"[0.021739130434782608, 0.0, 0.0, 0.0]",0.6362435090576457,0.688622754491018,230,334
KerasOCR,14,0.0,"[0.051643192488262914, 0.0047169811320754715, 0.0, 0.0]",0.5158331951444801,0.6016949152542372,213,354
KerasOCR,15,0.0,"[0.021739130434782608, 0.0, 0.0, 0.0]",0.6820797478439806,0.7232704402515723,230,318
KerasOCR,11,0.0,"[0.01809954751131222, 0.0, 0.0, 0.0]",0.7553734725389292,0.7809187279151943,221,283
KerasOCR,10,0.0,"[0.024875621890547265, 0.0, 0.0, 0.0]",0.46248355537535407,0.5646067415730337,201,356
KerasOCR,12,0.0,"[0.04395604395604396, 0.0, 0.0, 0.0]",0.6708113029180462,0.7146596858638743,273,382
KerasOCR,13,0.0,"[0.0375, 0.0, 0.0, 0.0]",0.4904166220759061,0.583941605839416,240,411
KerasOCR,8,0.0,"[0.1267605633802817, 0.009433962264150943, 0.0, 0.0]",0.37661726417762786,0.505938242280285,213,421
KerasOCR,9,0.0,"[0.02727272727272727, 0.0, 0.0, 0.0]",0.6703200460356393,0.7142857142857143,220,308
KerasOCR,4,0.0,"[0.03754266211604096, 0.0, 0.0, 0.0]",0.848892665230886,0.8592375366568915,293,341
KerasOCR,5,0.0,"[0.08076923076923077, 0.0, 0.0, 0.0]",0.5140757682290822,0.6004618937644342,260,433
KerasOCR,7,0.0,"[0.01079136690647482, 0.0, 0.0, 0.0]",0.8566924790802757,0.8660436137071651,278,321
KerasOCR,6,0.0,"[0.0375, 0.0, 0.0, 0.0]",0.6141598762237379,0.6722689075630253,240,357
KerasOCR,2,0.0,"[0.03345724907063197, 0.0, 0.0, 0.0]",0.6497115617069397,0.6987012987012987,269,385
KerasOCR,3,0.0,"[0.05394190871369295, 0.0, 0.0, 0.0]",0.5640490247851235,0.6358839050131926,241,379
KerasOCR,1,0.0,"[0.032490974729241874, 0.0, 0.0, 0.0]",0.7994536558526478,0.8171091445427728,277,339
KerasOCR,18,0.0,"[0.04932735426008968, 0.0, 0.0, 0.0]",0.5057997951361141,0.5946666666666667,223,375
KerasOCR,19,0.0,"[0.024154589371980676, 0.0, 0.0, 0.0]",0.5362319838807273,0.6160714285714286,207,336
claude_complex,17,0.2558570423337396,"[0.5263157894736842, 0.3433962264150943, 0.30303030303030304, 0.28517110266159695]",0.7237507088542986,0.7556818181818182,266,352
claude_complex,16,0.2652074877162433,"[0.5397489539748954, 0.40336134453781514, 0.3459915611814346, 0.3220338983050847]",0.6720049719515355,0.7155688622754491,239,334
claude_complex,14,0.2765100338411195,"[0.7017543859649122, 0.5066079295154186, 0.41150442477876104, 0.36444444444444446]",0.5754335174031933,0.6440677966101694,228,354
claude_complex,15,0.3387674593557133,"[0.6739130434782609, 0.5327510917030568, 0.4473684210526316, 0.3788546255506608]",0.6820797478439806,0.7232704402515723,230,318
claude_complex,11,0.3621190376168346,"[0.5714285714285714, 0.45569620253164556, 0.3983050847457627, 0.35319148936170214]",0.8277239033599295,0.8409893992932862,238,283
claude_complex,10,0.24327797113163827,"[0.6915422885572139, 0.56, 0.47738693467336685, 0.41414141414141414]",0.46248355537535407,0.5646067415730337,201,356
claude_complex,12,0.26620504413442025,"[0.5577557755775577, 0.3443708609271523, 0.28903654485049834, 0.25666666666666665]",0.770491949561188,0.7931937172774869,303,382
claude_complex,13,0.1462235052271746,"[0.5362903225806451, 0.3157894736842105, 0.22357723577235772, 0.1673469387755102]",0.5182704521811003,0.6034063260340633,248,411
claude_complex,8,0.12078124302344269,"[0.6804733727810651, 0.5416666666666666, 0.49101796407185627, 0.4578313253012048]",0.22511942037550892,0.4014251781472684,169,421
claude_complex,9,0.31110428520130917,"[0.597457627118644, 0.4425531914893617, 0.36324786324786323, 0.33047210300429186]",0.7370609089559301,0.7662337662337663,236,308
claude_complex,4,0.2886978439347198,"[0.5308219178082192, 0.3402061855670103, 0.28620689655172415, 0.2629757785467128]",0.8455159728848877,0.8563049853372434,292,341
claude_complex,5,0.19100971858367385,"[0.5263157894736842, 0.3471698113207547, 0.3106060606060606, 0.2889733840304182]",0.5337543583892458,0.6143187066974596,266,433
claude_complex,7,0.2798994367052602,"[0.39104477611940297, 0.27844311377245506, 0.24624624624624625, 0.2289156626506024]",1.0,1.043613707165109,335,321
claude_complex,6,0.2222249946362034,"[0.6782178217821783, 0.48258706467661694, 0.42, 0.38190954773869346]",0.46425248192244256,0.5658263305322129,202,357
claude_complex,2,0.24805829484978445,"[0.5587188612099644, 0.35714285714285715, 0.3010752688172043, 0.27697841726618705]",0.6906605906950049,0.7298701298701299,281,385
claude_complex,3,0.17138122370590259,"[0.6042553191489362, 0.358974358974359, 0.24892703862660945, 0.1853448275862069]",0.5418500602354762,0.6200527704485488,235,379
claude_complex,1,0.29464885353650494,"[0.5164473684210527, 0.3333333333333333, 0.27483443708609273, 0.25249169435215946]",0.8912488666036775,0.8967551622418879,304,339
claude_complex,18,0.267295585432959,"[0.6165413533834586, 0.4377358490566038, 0.3371212121212121, 0.2889733840304182]",0.6637999625656886,0.7093333333333334,266,375
claude_complex,19,0.2339483732294747,"[0.6535087719298246, 0.44052863436123346, 0.3053097345132743, 0.22666666666666666]",0.6227038648477501,0.6785714285714286,228,336
gpt_simple,17,0.0,"[0.007380073800738007, 0.0, 0.0, 0.0]",0.7416387687470516,0.7698863636363636,271,352
gpt_simple,16,0.0,"[0.0, 0.0, 0.0, 0.0]",5.807697909100112e-10,0.04491017964071856,15,334
gpt_simple,14,0.0,"[0.24358974358974358, 0.03896103896103896, 0.0, 0.0]",0.029057997322928766,0.22033898305084745,78,354
gpt_simple,15,0.0,"[0.06666666666666667, 0.0, 0.0, 0.0]",0.0023188899754337054,0.14150943396226415,45,318
gpt_simple,11,0.0,"[0.007159904534606206, 0.0, 0.0, 0.0]",1.0,1.480565371024735,419,283
gpt_simple,10,0.013632634895537772,"[0.12195121951219512, 0.019021739130434784, 0.005449591280653951, 0.00273224043715847]",1.0,1.0365168539325842,369,356
gpt_simple,12,0.0,"[0.1797752808988764, 0.011363636363636364, 0.0, 0.0]",0.037174403538424765,0.23298429319371727,89,382
gpt_simple,13,0.0,"[0.12643678160919541, 0.0, 0.0, 0.0]",0.024133896544913314,0.2116788321167883,87,411
gpt_simple,8,0.0,"[0.08108108108108109, 0.0, 0.0, 0.0]",3.109764769742671e-05,0.08788598574821853,37,421
gpt_simple,9,0.0,"[0.20224719101123595, 0.011299435028248588, 0.0, 0.0]",0.4817465762322477,0.577922077922078,178,308
gpt_simple,4,0.0,"[0.13636363636363635, 0.0, 0.0, 0.0]",0.0011708796207911744,0.12903225806451613,44,341
gpt_simple,5,0.0,"[0.07116104868913857, 0.0037593984962406013, 0.0, 0.0]",0.5370184398394134,0.6166281755196305,267,433
gpt_simple,7,0.0,"[0.13636363636363635, 0.01834862385321101, 0.0, 0.0]",0.14687376271580238,0.3426791277258567,110,321
gpt_simple,6,0.0,"[0.1953125, 0.023622047244094488, 0.007936507936507936, 0.0]",0.16711676822020574,0.3585434173669468,128,357
gpt_simple,2,0.0,"[0.00510204081632653, 0.0, 0.0, 0.0]",1.0,1.018181818181818,392,385
gpt_simple,3,0.0,"[0.010676156583629894, 0.0, 0.0, 0.0]",0.7055663619505131,0.741424802110818,281,379
gpt_simple,1,0.0,"[0.10982658959537572, 0.0, 0.0, 0.0]",0.383069987214312,0.5103244837758112,173,339
gpt_simple,18,0.0,"[0.06896551724137931, 0.0, 0.0, 0.0]",6.582904591428596e-06,0.07733333333333334,29,375
gpt_simple,19,0.020342671751443882,"[0.1989247311827957, 0.04864864864864865, 0.02717391304347826, 0.01639344262295082]",0.4464393987758162,0.5535714285714286,186,336
claude_one_example,17,0.027098302330266236,"[0.35, 0.12562814070351758, 0.025252525252525252, 0.01015228426395939]",0.46766642700990935,0.5681818181818182,200,352
claude_one_example,16,0.04610548558115497,"[0.4046242774566474, 0.19186046511627908, 0.08187134502923976, 0.029411764705882353]",0.3943029178103974,0.5179640718562875,173,334
claude_one_example,14,0.03756124133142503,"[0.5192307692307693, 0.21935483870967742, 0.07142857142857142, 0.0392156862745098]",0.2810477292104116,0.4406779661016949,156,354
claude_one_example,15,0.11712734917952838,"[0.47685185185185186, 0.2558139534883721, 0.14485981308411214, 0.07042253521126761]",0.6236149164261731,0.6792452830188679,216,318
claude_one_example,11,0.09370541101486439,"[0.2838427947598253, 0.14912280701754385, 0.0881057268722467, 0.05309734513274336]",0.7899324367639311,0.8091872791519434,229,283
claude_one_example,10,0.05076863295193756,"[0.5190839694656488, 0.3230769230769231, 0.23255813953488372, 0.1640625]",0.17950409608333484,0.36797752808988765,131,356
claude_one_example,12,0.036002585768249565,"[0.4476744186046512, 0.1695906432748538, 0.08235294117647059, 0.03550295857988166]",0.2949556619071434,0.450261780104712,172,382
claude_one_example,13,0.0,"[0.3621621621621622, 0.07065217391304347, 0.01092896174863388, 0.0]",0.29475180326922573,0.45012165450121655,185,411
claude_one_example,8,0.012268487198947834,"[0.47651006711409394, 0.1891891891891892, 0.05442176870748299, 0.00684931506849315]",0.16113651472909235,0.35391923990498814,149,421
claude_one_example,9,0.025822214192227546,"[0.3469387755102041, 0.11794871794871795, 0.020618556701030927, 0.0051813471502590676]",0.5647181220077593,0.6363636363636364,196,308
claude_one_example,4,0.0,"[0.30566037735849055, 0.08712121212121213, 0.019011406844106463, 0.0]",0.7506675115878737,0.7771260997067448,265,341
claude_one_example,5,0.014210975807163906,"[0.35148514851485146, 0.07462686567164178, 0.015, 0.010050251256281407]",0.31868110200828503,0.4665127020785219,202,433
claude_one_example,7,0.04159601807963759,"[0.24521072796934865, 0.07307692307692308, 0.02702702702702703, 0.015503875968992248]",0.7946249334535759,0.8130841121495327,261,321
claude_one_example,6,0.05262149258038485,"[0.4305555555555556, 0.15348837209302327, 0.056074766355140186, 0.028169014084507043]",0.5205976618052621,0.6050420168067226,216,357
claude_one_example,3,0.03727404017914391,"[0.4632768361581921, 0.1875, 0.07428571428571429, 0.028735632183908046]",0.31942175358894825,0.46701846965699206,177,379
claude_one_example,1,0.02644616634918397,"[0.33620689655172414, 0.12121212121212122, 0.017391304347826087, 0.004366812227074236]",0.630522211030751,0.6843657817109144,232,339
claude_one_example,18,0.031668709426450725,"[0.49710982658959535, 0.1744186046511628, 0.05263157894736842, 0.023529411764705882]",0.3111033652724781,0.4613333333333333,173,375
claude_one_example,19,0.059583225554501636,"[0.5238095238095238, 0.2876712328767123, 0.15862068965517243, 0.09027777777777778]",0.27645304662956444,0.4375,147,336
gpt_refine_complex,17,0.22363138600960522,"[0.31151832460732987, 0.2335958005249344, 0.19736842105263158, 0.1741424802110818]",1.0,1.0852272727272727,382,352
gpt_refine_complex,16,0.2388661519805936,"[0.5317460317460317, 0.3745019920318725, 0.272, 0.22088353413654618]",0.7222406933190557,0.7544910179640718,252,334
gpt_refine_complex,14,0.31697307714149514,"[0.41424802110817943, 0.3439153439153439, 0.2864721485411141, 0.2473404255319149]",1.0,1.0706214689265536,379,354
gpt_refine_complex,15,0.2617085587664877,"[0.6622222222222223, 0.44642857142857145, 0.32286995515695066, 0.25675675675675674]",0.6614417654885042,0.7075471698113207,225,318
gpt_refine_complex,11,0.41711039327706384,"[0.5980392156862745, 0.4557377049180328, 0.3618421052631579, 0.3069306930693069]",1.0,1.0812720848056536,306,283
gpt_refine_complex,10,0.13487509598939437,"[0.7516339869281046, 0.5460526315789473, 0.44370860927152317, 0.36666666666666664]",0.26532563776600726,0.4297752808988764,153,356
gpt_refine_complex,12,0.3092809583114333,"[0.6464285714285715, 0.4659498207885305, 0.38848920863309355, 0.33574007220216606]",0.6946926827617603,0.7329842931937173,280,382
gpt_refine_complex,13,0.3095049183083585,"[0.5026455026455027, 0.363395225464191, 0.2872340425531915, 0.248]",0.9164006791453999,0.9197080291970803,378,411
gpt_refine_complex,8,0.3225849604631863,"[0.6506849315068494, 0.5154639175257731, 0.45517241379310347, 0.41522491349480967]",0.6428905275276228,0.6935866983372921,292,421
gpt_refine_complex,9,0.12581153347355545,"[0.2033898305084746, 0.14103923647932132, 0.1040339702760085, 0.08395324123273114]",1.0,3.064935064935065,944,308
gpt_refine_complex,4,0.2890904511036193,"[0.40749414519906324, 0.3075117370892019, 0.2541176470588235, 0.21933962264150944]",1.0,1.252199413489736,427,341
gpt_refine_complex,5,0.0,"[0.07665505226480836, 0.006993006993006993, 0.0, 0.0]",0.6012702361118063,0.6628175519630485,287,433
gpt_refine_complex,7,0.2644869896225658,"[0.367170626349892, 0.2813852813852814, 0.23427331887201736, 0.20217391304347826]",1.0,1.442367601246106,463,321
gpt_refine_complex,6,0.34425835987522113,"[0.5029940119760479, 0.4024024024024024, 0.3253012048192771, 0.2809667673716012]",0.933455230928158,0.9355742296918768,334,357
gpt_refine_complex,2,0.32475803960963157,"[0.4958904109589041, 0.36538461538461536, 0.2975206611570248, 0.2569060773480663]",0.9466796511855877,0.948051948051948,365,385
gpt_refine_complex,3,0.20092862659110855,"[0.553030303030303, 0.3269961977186312, 0.24427480916030533, 0.210727969348659]",0.6468725043108297,0.6965699208443272,264,379
gpt_refine_complex,1,0.0,"[0.16591928251121077, 0.013513513513513514, 0.0, 0.0]",0.594413917076754,0.6578171091445427,223,339
gpt_refine_complex,18,0.21007620408362335,"[0.35201793721973096, 0.24269662921348314, 0.17117117117117117, 0.13318284424379231]",1.0,1.1893333333333334,446,375
gpt_refine_complex,19,0.450096973313563,"[0.5927152317880795, 0.5083056478405316, 0.47333333333333333, 0.451505016722408]",0.8935233768799161,0.8988095238095238,302,336
EasyOCR,17,0.0,"[0.11735941320293398, 0.0024509803921568627, 0.0, 0.0]",1.0,1.1619318181818181,409,352
EasyOCR,16,0.0,"[0.14854111405835543, 0.007978723404255319, 0.0026666666666666666, 0.0]",1.0,1.1287425149700598,377,334
EasyOCR,14,0.0,"[0.14040114613180515, 0.0, 0.0, 0.0]",0.9857754905036004,0.9858757062146892,349,354
EasyOCR,15,0.0,"[0.10991957104557641, 0.010752688172043012, 0.0026954177897574125, 0.0]",1.0,1.1729559748427674,373,318
EasyOCR,11,0.0,"[0.12054794520547946, 0.0, 0.0, 0.0]",1.0,1.2897526501766785,365,283
EasyOCR,10,0.0,"[0.12258064516129032, 0.003236245954692557, 0.0, 0.0]",0.8620973352461769,0.8707865168539326,310,356
EasyOCR,12,0.0,"[0.12100456621004566, 0.0, 0.0, 0.0]",1.0,1.1465968586387434,438,382
EasyOCR,13,0.0,"[0.12195121951219512, 0.002717391304347826, 0.0, 0.0]",0.8924175610095098,0.8978102189781022,369,411
EasyOCR,8,0.0,"[0.12883435582822086, 0.006153846153846154, 0.0, 0.0]",0.7472084801126165,0.7743467933491687,326,421
EasyOCR,9,0.0,"[0.12466124661246612, 0.008152173913043478, 0.0, 0.0]",1.0,1.198051948051948,369,308
EasyOCR,4,0.0,"[0.1010989010989011, 0.0022026431718061676, 0.0, 0.0]",1.0,1.3343108504398826,455,341
EasyOCR,5,0.0,"[0.12322274881516587, 0.007125890736342043, 0.002380952380952381, 0.0]",0.9742704439275657,0.9745958429561201,422,433
EasyOCR,7,0.0,"[0.09029345372460497, 0.004524886877828055, 0.0, 0.0]",1.0,1.3800623052959502,443,321
EasyOCR,6,0.0,"[0.10933333333333334, 0.0, 0.0, 0.0]",1.0,1.050420168067227,375,357
EasyOCR,2,0.009564834605023134,"[0.11963882618510158, 0.006787330316742082, 0.0045351473922902496, 0.0022727272727272726]",1.0,1.1506493506493507,443,385
EasyOCR,3,0.0,"[0.11358024691358025, 0.0024752475247524753, 0.0, 0.0]",1.0,1.0686015831134565,405,379
EasyOCR,1,0.0,"[0.09698275862068965, 0.0, 0.0, 0.0]",1.0,1.368731563421829,464,339
EasyOCR,18,0.0,"[0.1408839779005525, 0.002770083102493075, 0.0, 0.0]",0.9647255693223077,0.9653333333333334,362,375
EasyOCR,19,0.0,"[0.11550151975683891, 0.003048780487804878, 0.0, 0.0]",0.9789481542249697,0.9791666666666666,329,336
